v1_comment_number	v2_comment_number(s)	mapping_status	v1_checklist_item_id	v2_checklist_item_id
68	68	equal	cc-10:AE-01	cc-10:AE-01
69	69	equal	cc-10:AE-02	cc-10:AE-02
70	70	equal	cc-10:AE-03	cc-10:AE-03
71	71	equal	cc-10:AEGB-02	cc-10:AEGB-02
72	72	equal	cc-13:AW-01	cc-13:AW-01
73	73	equal	cc-13:AW-02	cc-13:AW-02
74	74	equal	cc-13:AW-03	cc-13:AW-03
75		?	cc-13:AW-04	(not in diff)
76	75	equal	cc-13:AW-05	cc-13:AW-05
77	76	equal	cc-13:AW-06	cc-13:AW-06
78	77	equal	cc-13:AW-07	cc-13:AW-07
79	78	equal	cc-13:AW-08	cc-13:AW-08
80		?	cc-13:AW-09	(not in diff)
81	79	equal	cc-13:AW-10	cc-13:AW-10
82	80	equal	cc-13:AW-11	cc-13:AW-11
83	81	equal	cc-13:AW-12	cc-13:AW-12
84	82	equal	cc-13:AW-13	cc-13:AW-13
85	83	equal	cc-13:AW-14	cc-13:AW-14
86		?	cc-13:AW-15	(not in diff)
87	84	equal	cc-13:AW-16	cc-13:AW-16
88		?	cc-13:AW-17	(not in diff)
89	85	equal	cc-13:AW-18	cc-13:AW-18
90	86	equal	cc-13:AW-19	cc-13:AW-19
91	87	equal	cc-13:AW-20	cc-13:AW-20
92	88	equal	cc-13:AW-21	cc-13:AW-21
93	89	equal	cc-13:AW-22	cc-13:AW-22
94	90	equal	cc-13:AW-23	cc-13:AW-23
95		?	cc-13:AW-24	(not in diff)
96	91	equal	cc-13:AW-25	cc-13:AW-25
97		?	cc-13:AW-26	(not in diff)
98	92	equal	cc-13:AW-27	cc-13:AW-27
99	93	equal	cc-13:AW-28	cc-13:AW-28
100	97	equal	cc-13:AW-32	cc-13:AW-32
101	98	equal	cc-13:AW-33	cc-13:AW-33
102	102	equal	cc-13:AW-38a	cc-13:AW-38a
103	104	equal	cc-13:AW-39	cc-13:AW-39
104	105	equal	cc-13:AW-41	cc-13:AW-41
105	110	equal	cc-15:CC-15-01	cc-15:CC-15-01
106	111	equal	cc-15:CC-15-02	cc-15:CC-15-02
107	112	equal	cc-15:CC-15-04	cc-15:CC-15-04
108	113	equal	cc-15:CC-15-05	cc-15:CC-15-05
109	114	equal	cc-15:CC-15-06	cc-15:CC-15-06
110	115	equal	cc-15:CC-15-07	cc-15:CC-15-07
111	116	equal	cc-15:CC-15-08	cc-15:CC-15-08
112	117	equal	cc-15:CC-15-09a	cc-15:CC-15-09a
113	118	equal	cc-15:CC-15-09b	cc-15:CC-15-09b
114	119	equal	cc-15:CC-15-10	cc-15:CC-15-10
115	120	equal	cc-15:CC-15-11	cc-15:CC-15-11
116	121	equal	cc-15:CC-15-12	cc-15:CC-15-12
117	122	equal	cc-15:CC-15-13	cc-15:CC-15-13
118	123	equal	cc-19:CC-19-01	cc-19:CC-19-01
119	124	equal	cc-19:CC-19-02	cc-19:CC-19-02
120	125	equal	cc-19:CC-19-03	cc-19:CC-19-03
121	126	equal	cc-19:CC-19-04	cc-19:CC-19-04
122	127	equal	cc-19:CC-19-05	cc-19:CC-19-05
123	128	equal	cc-19:CC-19-06	cc-19:CC-19-06
125	130	equal	cc-19:CC-19-07	cc-19:CC-19-07
126	131	equal	cc-19:CC-19-08	cc-19:CC-19-08
127	132	equal	cc-19:CC-19-09	cc-19:CC-19-09
128	133	equal	cc-19:CC-19-10	cc-19:CC-19-10
129	134	equal	cc-19:CC-19-11	cc-19:CC-19-11
130	135	equal	cc-19:CC-19-12	cc-19:CC-19-12
131	136	equal	cc-19:CC-19-13	cc-19:CC-19-13
132	137	equal	cc-19:CC-19-14	cc-19:CC-19-14
133	138	equal	cc-19:CC-19-15	cc-19:CC-19-15
134	139	equal	cc-19:CC-19-16	cc-19:CC-19-16
135	140	equal	cc-19:CC-19-17	cc-19:CC-19-17
136	141	equal	cc-19:CC-19-18	cc-19:CC-19-18
137	142	equal	cc-19:CC-19-19	cc-19:CC-19-19
138	143	equal	cc-19:CC-19-20	cc-19:CC-19-20
139	144	equal	cc-19:CC-19-21	cc-19:CC-19-21
124	129	equal	cc-19:CC-19-22	cc-19:CC-19-22
1	1	equal	cc-1:CC-1-01	cc-1:CC-1-01
2	2	equal	cc-1:CC-1-02	cc-1:CC-1-02
3	3	equal	cc-1:CC-1-03	cc-1:CC-1-03
4	4	equal	cc-1:CC-1-04	cc-1:CC-1-04
5	5	equal	cc-1:CC-1-05	cc-1:CC-1-05
6	6	equal	cc-1:CC-1-06	cc-1:CC-1-06
7	7	equal	cc-1:CC-1-08	cc-1:CC-1-08
8	8	equal	cc-1:CC-1-09	cc-1:CC-1-09
9	9	equal	cc-1:CC-1-10	cc-1:CC-1-10
10	10	equal	cc-1:CC-1-11	cc-1:CC-1-11
11	11	equal	cc-1:CC-1-12	cc-1:CC-1-12
12	12	equal	cc-1:CC-1-13	cc-1:CC-1-13
13	13	equal	cc-1:CC-1-14	cc-1:CC-1-14
14	14	equal	cc-1:CC-1-15	cc-1:CC-1-15
15	15	equal	cc-1:CC-1-16	cc-1:CC-1-16
16	16	equal	cc-1:CC-1-17	cc-1:CC-1-17
17	17	equal	cc-1:CC-1-18	cc-1:CC-1-18
18	18	equal	cc-1:CC-1-19	cc-1:CC-1-19
19	19	equal	cc-1:CC-1-20	cc-1:CC-1-20
20	20	equal	cc-1:CC-1-21	cc-1:CC-1-21
21	21	equal	cc-1:CC-1-22	cc-1:CC-1-22
22	22	equal	cc-1:CC-1-23	cc-1:CC-1-23
23	23	equal	cc-1:CC-1-24	cc-1:CC-1-24
24	24	equal	cc-1:CC-1-25	cc-1:CC-1-25
25	25	equal	cc-1:CC-1-26	cc-1:CC-1-26
26	26	equal	cc-1:CC-1-27	cc-1:CC-1-27
27	27	equal	cc-1:CC-1-28	cc-1:CC-1-28
28	28	equal	cc-1:CC-1-29	cc-1:CC-1-29
29	29	equal	cc-1:CC-1-30	cc-1:CC-1-30
30	30	equal	cc-1:CC-1-31	cc-1:CC-1-31
31	31	equal	cc-1:CC-1-32	cc-1:CC-1-32
32	32	equal	cc-1:CC-1-34	cc-1:CC-1-34
33	33	equal	cc-1:CC-1-41	cc-1:CC-1-41
140	145	equal	cc-20:CC-20-01	cc-20:CC-20-01
141	146	equal	cc-20:CC-20-02	cc-20:CC-20-02
142	147	equal	cc-20:CC-20-03	cc-20:CC-20-03
143	148	equal	cc-20:CC-20-20	cc-20:CC-20-20
144	149	equal	cc-20:CC-20-21	cc-20:CC-20-21
145	150	equal	cc-20:CC-20-22	cc-20:CC-20-22
146	151	equal	cc-20:CC-20-25	cc-20:CC-20-25
147	152	equal	cc-22:CC-22-08	cc-22:CC-22-08
148	153	equal	cc-22:CC-22-12	cc-22:CC-22-12
149	154	equal	cc-22:CC-22-13	cc-22:CC-22-13
150	155	equal	cc-22:CC-22-14	cc-22:CC-22-14
151	156	equal	cc-22:CC-22-15	cc-22:CC-22-15
152	157	equal	cc-22:CC-22-17	cc-22:CC-22-17
153	158	equal	cc-22:CC-22-18	cc-22:CC-22-18
154	159	equal	cc-22:CC-22-19	cc-22:CC-22-19
155	160	equal	cc-22:CC-22-20	cc-22:CC-22-20
156	161	equal	cc-22:CC-22-21	cc-22:CC-22-21
157	162	equal	cc-22:CC-22-25	cc-22:CC-22-25
158	163	equal	cc-22:CC-22-27	cc-22:CC-22-27
159	164	equal	cc-22:OSP-01	cc-22:OSP-01
160	165	equal	cc-22:OSP-02	cc-22:OSP-02
161	166	equal	cc-23:CC-23-01	cc-23:CC-23-01
162	167	equal	cc-23:CC-23-02	cc-23:CC-23-02
163	168	equal	cc-23:CC-23-03	cc-23:CC-23-03
164	169	equal	cc-23:CC-23-04	cc-23:CC-23-04
165	170	equal	cc-23:CC-23-05	cc-23:CC-23-05
166	171	equal	cc-23:CC-23-06	cc-23:CC-23-06
167	172	equal	cc-23:CC-23-07	cc-23:CC-23-07
168	173	equal	cc-23:CC-23-08	cc-23:CC-23-08
169	174	equal	cc-23:CC-23-09	cc-23:CC-23-09
170	175	equal	cc-23:CC-23-10	cc-23:CC-23-10
171	176	equal	cc-23:CC-23-11	cc-23:CC-23-11
172	177	equal	cc-24:CC-24-01	cc-24:CC-24-01
173	178	equal	cc-24:CC-24-02	cc-24:CC-24-02
174	179	equal	cc-24:CC-24-03	cc-24:CC-24-03
175	180	equal	cc-24:CC-24-04	cc-24:CC-24-04
176	181	equal	cc-24:CC-24-05	cc-24:CC-24-05
177	182	equal	cc-24:CC-24-06	cc-24:CC-24-06
178	183	equal	cc-24:CC-24-13	cc-24:CC-24-13
179	184	equal	cc-24:CC-24-15	cc-24:CC-24-15
180	185	equal	cc-24:CC-24-16	cc-24:CC-24-16
34	34	equal	cc-2:CC-2-02	cc-2:CC-2-02
35	35	equal	cc-2:CC-2-14	cc-2:CC-2-14
36	36	equal	cc-2:CC-2-16	cc-2:CC-2-16
37	37	equal	cc-2:CC-2-21	cc-2:CC-2-21
38	38	equal	cc-2:CC-2-23	cc-2:CC-2-23
50	50	equal	cc-3:AF-01	cc-3:AF-01
39	39	equal	cc-3:CC-3-14	cc-3:CC-3-14
40	40	equal	cc-3:CC-3-17	cc-3:CC-3-17
41	41	equal	cc-3:CC-3-18	cc-3:CC-3-18
42	42	equal	cc-3:CC-3-19	cc-3:CC-3-19
43	43	equal	cc-3:CC-3-21	cc-3:CC-3-21
44	44	equal	cc-3:CC-3-22	cc-3:CC-3-22
45	45	equal	cc-3:CC-3-23	cc-3:CC-3-23
46	46	equal	cc-3:CC-3-24	cc-3:CC-3-24
47	47	equal	cc-3:CC-3-25	cc-3:CC-3-25
48	48	equal	cc-3:CC-3-26	cc-3:CC-3-26
49	49	equal	cc-3:CC-3-27	cc-3:CC-3-27
51	51	equal	cc-5:ADR-01	cc-5:ADR-01
52	52	equal	cc-5:ADR-04	cc-5:ADR-04
53	53	equal	cc-5:ADR-05	cc-5:ADR-05
54	54	equal	cc-5:ADR-07	cc-5:ADR-07
55	55	equal	cc-5:ADR-08	cc-5:ADR-08
56	56	equal	cc-5:DAT-01	cc-5:DAT-01
57	57	equal	cc-5:DAT-02	cc-5:DAT-02
58	58	equal	cc-5:DAT-03	cc-5:DAT-03
59	59	equal	cc-5:DAT-04	cc-5:DAT-04
60	60	equal	cc-5:DAT-05	cc-5:DAT-05
61	61	equal	cc-5:DAT-06	cc-5:DAT-06
62	62	equal	cc-5:DAT-07	cc-5:DAT-07
63	63	equal	cc-5:HCR-01	cc-5:HCR-01
64	64	equal	cc-5:HCR-02	cc-5:HCR-02
65	65	equal	cc-6:CMP-01	cc-6:CMP-01
66	66	equal	cc-6:CMP-02	cc-6:CMP-02
67	67	equal	cc-6:CMP-03	cc-6:CMP-03
